risk_id,category,description,severity,likelihood,affected_component,evidence,mitigation,owner,status,scientific_source_ref,scientific_source_commit
"RISK-01","VALIDITY","The INNER pilot contains only 14 contiguous attack-event units; statistical independence is not established, so stable performance and superiority cannot be inferred.","HIGH","HIGH","RESULT_INTEGRITY","artifact:ART-PROFESSOR-RESULTS","Expand preregistered independent evaluation without pilot-driven tuning.","RESEARCH_OWNER","OPEN","origin/research-v6-thesis-checkpoint","2dc7e6c23d5e9503bd4953a70e6bc20e39994b6e"
"RISK-02","UTILITY","Rule-only normal FAR is high in the frozen INNER pilot so operational utility is not established.","HIGH","HIGH","D1_RULE_ONLY","artifact:ART-D1-METRICS","Treat D1 as pilot complementarity evidence and validate false-alarm control on broader data.","RESEARCH_OWNER","OPEN","origin/research-v6-thesis-checkpoint","2dc7e6c23d5e9503bd4953a70e6bc20e39994b6e"
"RISK-03","CONTRIBUTION","EXP-01 and EXP-01B did not support retaining GDN as a primary or supporting V2 contribution under their frozen normal-only criteria.","HIGH","LOW","GDN_DISCOVERY","artifact:ART-EXP01B-LINEAGE","Keep V2A META_PLUS_STAT as primary; preserve GDN artifacts as ablation and use bounded noncausal wording.","RESEARCH_OWNER","MITIGATING","validation-v2-exp01b-gdn-xai","e0a14ab61762f7e7ce8319d58643dc483dda6a02"
"RISK-04","CONTRIBUTION","Agentic feedback benefit is unvalidated because T2 activated zero feedback-repair actions.","MEDIUM","HIGH","T2_AGENTIC_FEEDBACK","artifact:ART-CONSTRUCTION-ANALYSIS","Design a budget-matched cohort that can exercise feedback.","RESEARCH_OWNER","OPEN","origin/research-v6-thesis-checkpoint","2dc7e6c23d5e9503bd4953a70e6bc20e39994b6e"
"RISK-05","UTILITY","D2 V1 and V2 recovered none of the three D0-missed pilot events and do not support improvement.","MEDIUM","HIGH","D2_V2","artifact:ART-D2V2-METRICS","Keep the negative pilot frozen and preregister any future fusion design.","RESEARCH_OWNER","OPEN","origin/research-v6-thesis-checkpoint","2dc7e6c23d5e9503bd4953a70e6bc20e39994b6e"
"RISK-06","GENERALIZATION","Held-out generalization is unavailable because no OUTER scientific result exists.","HIGH","HIGH","OUTER_EVALUATION","artifact:ART-OUTER-BLOCKER","Require new explicit authorization and preregistration before held-out evaluation.","RESEARCH_OWNER","OPEN","origin/research-v6-thesis-checkpoint","2dc7e6c23d5e9503bd4953a70e6bc20e39994b6e"
"RISK-07","REPRODUCIBILITY","Fresh-machine synthetic and normal HAI custody pass; V2A authorities and EXP-02 are frozen, while full fresh-machine scientific reproduction remains private-custody dependent.","HIGH","MEDIUM","REPRODUCIBILITY","artifact:ART-V2A-PORTFOLIO","Preserve public receipts and environment locks; rehearse authorized scientific restoration separately before release.","CODEX","MITIGATING","validation-v2","7125c038817a6ac9ee4392748de802e2069b44f6e"
"RISK-08","BASELINE","The current detector reference is PCA-SPE and expanded validation lacks a stronger multivariate baseline.","HIGH","MEDIUM","D0_PCA_SPE","artifact:ART-IMPLEMENTATION-AUDIT","Seek approval for at least one preregistered stronger multivariate baseline.","RESEARCH_OWNER","OPEN","origin/research-v6-thesis-checkpoint","2dc7e6c23d5e9503bd4953a70e6bc20e39994b6e"
"RISK-09","EXPLANATION","Automated trace grounding does not establish human explanation usefulness.","MEDIUM","HIGH","EXPLANATION_RENDERER","artifact:ART-CLAIM-AUDIT","Scope claims to trace grounding unless a human evaluation is approved.","RESEARCH_OWNER","OPEN","origin/research-v6-thesis-checkpoint","2dc7e6c23d5e9503bd4953a70e6bc20e39994b6e"
"RISK-10","AUTHORITY","Stale continuity and historical checkout context can be mistaken for current scientific authority.","MEDIUM","HIGH","PROFESSOR_REPORTING","artifact:ART-IMPLEMENTATION-AUDIT","Keep RCC views pinned and defer broad history reconciliation to RCC-003.","CODEX","MITIGATING","origin/research-v6-thesis-checkpoint","2dc7e6c23d5e9503bd4953a70e6bc20e39994b6e"
"RISK-11","LABEL_ORDERING","PILOT V1 D1 retains its documented in-memory-only pre-label boundary; VALIDATION V2 now has durable no-overwrite prediction freeze replay label lease and post-label identity verification.","HIGH","HIGH","RESULT_INTEGRITY","component:D1_RULE_ONLY","CLOSED prospectively by GAP-FIX-002. Preserve the Pilot qualification and require the V2 custody contract for all new D1 scientific evaluation.","CODEX","CLOSED","origin/research-v6-thesis-checkpoint","2dc7e6c23d5e9503bd4953a70e6bc20e39994b6e"
"RISK-12","SPLIT_GOVERNANCE","Generic split-role contracts and frozen task-specific readers enforce compatible boundaries through distributed code rather than one proven universal adapter.","MEDIUM","MEDIUM","SPLIT_GOVERNANCE","component:SPLIT_GOVERNANCE","Add a static entrypoint-to-split conformance audit before future scientific expansion.","CODEX","OPEN","origin/research-v6-thesis-checkpoint","2dc7e6c23d5e9503bd4953a70e6bc20e39994b6e"
"RISK-13","AUTHORITY","VALIDATION V2 previously lacked one formally selected Rule verifier and runtime authority across canonical RuleV1 and the executed V4 path.","HIGH","HIGH","DETERMINISTIC_VERIFIER","component:DETERMINISTIC_VERIFIER","CLOSED by user-approved DEC-020 and GAP-FIX-001: Formal V4 is the selected authority; the bridge is not selected and canonical RuleV1 and VerifierV1 direct runtime-authority claims are denied.","RESEARCH_OWNER","CLOSED","origin/research-v6-thesis-checkpoint","2dc7e6c23d5e9503bd4953a70e6bc20e39994b6e"
"RISK-14","OUTCOME_TAXONOMY","Construction orchestration can collapse provider parse verifier and budget failures into no_rule.","HIGH","MEDIUM","T2_AGENTIC_FEEDBACK","component:T2_AGENTIC_FEEDBACK","Separate persisted terminal classes before EXP-03; preserve the frozen three historical cases.","CODEX","OPEN","origin/research-v6-thesis-checkpoint","2dc7e6c23d5e9503bd4953a70e6bc20e39994b6e"
"RISK-15","GDN_RANKING","PILOT V1 retains its self-eligible historical behavior; V2 experiments used corrected self-excluded Top-5 and preserved the old path only as ablation.","MEDIUM","LOW","GDN_DISCOVERY","artifact:ART-EXP01-RESULT","Keep version separation and do not rewrite PILOT V1; current prospective correction is complete.","CODEX","CLOSED","validation-v2-exp01b-gdn-xai","e0a14ab61762f7e7ce8319d58643dc483dda6a02"
"RISK-16","METRIC_PORTABILITY","Generic metric helpers depended on callers for one-second file-local semantics and the frozen cross-arm aggregation source was not discoverable.","MEDIUM","MEDIUM","RESULT_INTEGRITY","component:RESULT_INTEGRITY","GAP-FIX-METRIC-001 froze a portable file-local contract and tracked synthetic aggregator; the Stage-3 scientific wrapper remains separately required.","CODEX","CLOSED","origin/research-v6-thesis-checkpoint","2dc7e6c23d5e9503bd4953a70e6bc20e39994b6e"
