path,symbol,role,input_artifact,output_artifact,label_access,event_episode_handoff,tests,frozen_use
src/paperworks/v6/task039e3_r2r_utility_inner_d1_execution_v1.py,build_scientific_rule_prediction_artifact_v1,Build and validate complete D1 prediction,Full census plus rule results,ScientificRulePredictionArtifactV1,NONE_BEFORE_BUILD,Prediction records carry decision indices,tests/test_task039e3_r2r_utility_inner_d1_execution_v1.py,YES
src/paperworks/v6/task039e3_r2r_utility_inner_d1_execution_v1.py,validate_scientific_rule_prediction_artifact_v1,Validate counts fields and self hash,ScientificRulePredictionArtifactV1,Validated prediction,NONE,Rejects inconsistent artifact,tests/test_task039e3_r2r_utility_inner_d1_execution_v1.py,YES
src/paperworks/v6/task039e3_r2r_utility_inner_d1_execution_v1.py,_load_real_label_custody_v1,Open labels only after validated prediction,Validated prediction plus label file,RealLabelEventCustodyV1,READ_AFTER_PREDICTION,Derives attack events and alarm episodes,tests/test_task039e3_r2r_utility_inner_d1_execution_v1.py,YES
src/paperworks/v6/task039e3_r2r_utility_inner_d1_execution_v1.py,_build_private_metric_evidence_v1,Build recall and FAR evidence,RealLabelEventCustodyV1,Private metric evidence plus public metrics,READ,Counts event overlaps and false episodes,tests/test_task039e3_r2r_utility_inner_d1_execution_v1.py,YES
src/paperworks/v6/task039e3_r2r_utility_inner_d1_execution_v1.py,_interval_overlap_v1,Half-open interval overlap,Two IntervalV1 objects,Boolean,NONE,Shared by event hit and false episode classification,tests/test_task039e3_r2r_utility_inner_d1_execution_v1.py,YES
src/paperworks/v6/task039e3_r2r_utility_evaluator_metrics_v1.py,derive_attack_events_v1,Group maximal contiguous label-one runs,Binary labels,IntervalV1 tuple,READ,Defines operational event units; statistical independence not established,tests/test_task039e3_r2r_utility_evaluator_v1_metrics.py,YES
src/paperworks/v6/task039e3_r2r_utility_evaluator_metrics_v1.py,form_alarm_episodes_v1,Deduplicate and group consecutive alarm indices,Raw alarm indices,IntervalV1 tuple,NONE,Maps alarm seconds to episodes,tests/test_task039e3_r2r_utility_evaluator_v1_metrics.py,YES
src/paperworks/v6/task039e3_r2r_utility_evaluator_metrics_v1.py,_overlap,Half-open interval intersection,Two IntervalV1 objects,Boolean,NONE,Metric overlap primitive,tests/test_task039e3_r2r_utility_evaluator_v1_metrics.py,YES
src/paperworks/v6/task039e3_r2r_utility_inner_d1_execution_v1.py,execute_authorized_inner_d1_v1,Historical authorized frozen execution entrypoint,Frozen authorities plus test1,Outcome and reports,READ_AFTER_PREDICTION,Orders prediction before label metrics,tests/test_task039e3_r2r_utility_inner_d1_execution_v1.py,YES_NOT_CALLED_IN_AUDIT
